"","rClay","rSilt","rSand","rVCOS","rCOS","rMS","rFS","rVFS","Db","logOC","Ks_predicted"
"1",20,20,60,12,12,12,12,12,1.2,1.5,1.93851890092531
"2",60,5,35,7,7,7,7,7,1.4,0.5,0.733293795067176
"3",10,80,10,2,2,2,2,2,1.8,0.2,0.44200927912241
